{"IF+HjKnSvFNgBJE3vbco6w==":"llogo-jbs.png","RvDfbLm4z8mNfk3jPrRW5g==":"jangan-sampai-ketinggalan-manfaat-jeruk-nipis-untuk-wajah-ini-1570009210.jpg","+h+f7Gtl+nDtqSfOHP8PJA==":"pt-jbs.jpg","F9GHqN6+L5exj9oY2Lc65A==":"logo-emblem.jpg","TuHuA4QovxwHLSq4vl4wrg==":"pt-jbs.png","g24Cpt9PYJIBYkFo7BhDvw==":"hand-wash-product.jpg","QZaA0NY580LaMCfel/WLIg==":"car-shampo.jpeg","+4phXDV2q84jeoyu/OAQJA==":"pembersih-lantai.jpeg","TJhK8puKW7Sd5d9Q67H8nQ==":"pembersih-lantai-1.jpeg","VfmBq06Wn1uwSC7H8ToHJA==":"sabun-cuci-pakaian.jpeg","Z0L6+rwC4Na0rEV3P3QTYQ==":"dish-wash.jpeg","WDfizWMLp8e+9fn6jhSEGQ==":"pembersih-lantai-2.jpeg","2y82Z7JhzBPUi5eHK7ognQ==":"hand-snitazer.jpg","mlgLzOtnbwv0DShpAvFHSg==":"hand-sanitazer.jpg","/Qy8xGgBgL4HbFyhpnGeWw==":"polish.jpg","u+aCkn4IXl4knd11sWeGAw==":"catalog.jpg","hgl3hd6AtjZHBL2gqT2yyg==":"meshy-car-shampo.jpg","C4pkWdvxORF8N93dbj8erQ==":"dish-wash.jpg","3vJvIr9/qICbz6AmyA1pzA==":"polish-tyre.jpg","6bk5EP+qJzr6VhEeCeG0Xg==":"car-shampo.jpg","h3o+4Qpq7ts0EXhej6HI2g==":"pembersih-lantai.jpg","PMkidA3mOa93/K1EQxPyrA==":"sabun-cuci-pakaian.jpg"}